Name,League,Position,Card Type,Lowest Buy Now Price,Max Bid Price,Minimum Sell Price,Last Updated20171020_094755
Dabo,Ligue 1 Conforama,CM,Silver,44500,35600,44250,Price Updated: 5 hours ago
Jensen,Eliteserien,CM,Silver,17250,13760,17000,Price Updated: 5 hours ago
Bastians,Bundesliga 2,CB,Silver,17000,13600,16750,Price Updated: 5 hours ago
Márcio Azevedo,Ukrayina Liha,LB,Silver,16500,13200,16250,Price Updated: 6 hours ago
Basanta,LIGA Bancomer MX,CB,Silver,9500,7600,9400,Price Updated: 8 hours ago
Rebrov,Russian Football Premier League,GK,Silver,9100,7280,9000,Price Updated: 8 hours ago
Boffin,Süper Lig,GK,Silver,9000,7200,8900,Price Updated: 8 hours ago
Balta,Süper Lig,CB,Silver,8500,6800,8400,Price Updated: 8 hours ago
Rausch,Bundesliga,LM,Silver,8100,6480,8000,Price Updated: 8 hours ago
Tannane,LaLiga Santander,RW,Silver,7800,6240,7700,Price Updated: 7 hours ago
Gashi,Major League Soccer,LM,Silver,7500,6000,7400,Price Updated: 10 hours ago
Christodoulopoulos,Hellas Liga,LM,Silver,7500,6000,7400,Price Updated: 8 hours ago
Rúben Ribeiro,Liga NOS,LW,Silver,7500,6000,7400,Price Updated: 8 hours ago
Peñalba,LIGA Bancomer MX,CM,Silver,6800,5440,6700,Price Updated: 8 hours ago
Kanunnikov,Russian Football Premier League,ST,Silver,6800,5440,6700,Price Updated: 8 hours ago
Elustondo,Liga Dimayor,CB,Silver,6600,5280,6500,Price Updated: 7 hours ago
Fosu-Mensah,Premier League,RB,Silver,6400,5120,6300,Price Updated: 7 hours ago
Seleznyov,Süper Lig,ST,Silver,6400,5120,6300,Price Updated: 9 hours ago
Aogo,Bundesliga,LB,Silver,6200,4960,6100,Price Updated: 8 hours ago
Tošić,Süper Lig,CB,Silver,6000,4800,5900,Price Updated: 8 hours ago
Vasin,Russian Football Premier League,CB,Silver,6000,4800,5900,Price Updated: 8 hours ago
Opara,Major League Soccer,CB,Silver,5600,4480,5500,Price Updated: 9 hours ago
de Jong,Süper Lig,CDM,Silver,5300,4240,5200,Price Updated: 8 hours ago
Méndez,LIGA Bancomer MX,CM,Silver,5200,4160,5100,Price Updated: 8 hours ago
Maksimov,Russian Football Premier League,CAM,Silver,5000,4000,4900,Price Updated: 9 hours ago
Cardona,Primera División,CAM,Silver,5000,4000,4900,Price Updated: 8 hours ago
Tiago Pinto,Süper Lig,LB,Silver,5000,4000,4900,Price Updated: 8 hours ago
Urretaviscaya,LIGA Bancomer MX,RW,Silver,4800,3800,4700,Price Updated: 8 hours ago
Gouffran,Süper Lig,LM,Silver,4500,3500,4400,Price Updated: 8 hours ago
Kembo-Ekoko,Süper Lig,RW,Silver,4500,3500,4400,Price Updated: 8 hours ago
Àngel Rangel,Premier League,RB,Silver,4400,3400,4300,Price Updated: 9 hours ago
Jara,LIGA Bancomer MX,ST,Silver,4400,3400,4300,Price Updated: 8 hours ago
N'Dinga,Süper Lig,CDM,Silver,4100,3100,4000,Price Updated: 10 hours ago
Gabulov,Russian Football Premier League,GK,Silver,4000,3000,3900,Price Updated: 9 hours ago
Diekmeier,Bundesliga,RB,Silver,4000,3000,3900,Price Updated: 8 hours ago
Şahan,Süper Lig,RM,Silver,3800,2800,3700,Price Updated: 8 hours ago
Demir,Süper Lig,ST,Silver,3800,2800,3700,Price Updated: 10 hours ago
Amalfitano,Ligue 1 Conforama,RM,Silver,3700,2700,3600,Price Updated: 7 hours ago
Yazıcı,Süper Lig,CAM,Silver,3600,2600,3500,Price Updated: 8 hours ago
Júnior Caiçara,Süper Lig,RB,Silver,3600,2600,3500,Price Updated: 8 hours ago
Epureanu,Süper Lig,CB,Silver,3500,2500,3400,Price Updated: 8 hours ago
Koné,Süper Lig,ST,Silver,3500,2500,3400,Price Updated: 10 hours ago
Ríos,LIGA Bancomer MX,CDM,Silver,3400,2400,3300,Price Updated: 9 hours ago
Léo Matos,Hellas Liga,RB,Silver,3400,2400,3300,Price Updated: 8 hours ago
Perdigão,Liga NOS,RW,Silver,3300,2300,3200,Price Updated: 8 hours ago
Mpoku,Belgium Pro League,CAM,Silver,3200,2200,3100,Price Updated: 11 hours ago
Barrientos,LIGA Bancomer MX,CAM,Silver,3100,2100,3000,Price Updated: 8 hours ago
Aziz,Süper Lig,CB,Silver,3100,2100,3000,Price Updated: 8 hours ago
Araujo,LIGA Bancomer MX,CB,Silver,3100,2100,3000,Price Updated: 8 hours ago
Suttner,Premier League,LB,Silver,3100,2100,3000,Price Updated: 7 hours ago
Gülüm,Hyundai A-League,CB,Silver,3000,2000,2900,Price Updated: 9 hours ago
Demirok,Süper Lig,CB,Silver,3000,2000,2900,Price Updated: 8 hours ago
Svensson,Eredivisie,RB,Silver,3000,2000,2900,Price Updated: 8 hours ago
Yeom Ki Hun,K LEAGUE Classic,ST,Silver,3000,2000,2900,Price Updated: 11 hours ago
Nélson Oliveira,EFL Championship,ST,Silver,3000,2000,2900,Price Updated: 9 hours ago
Seferović,Liga NOS,ST,Silver,2800,1800,2700,Price Updated: 8 hours ago
Çamdalı,Süper Lig,CDM,Silver,2400,1700,2300,Price Updated: 8 hours ago
Cássio,Liga NOS,GK,Silver,2400,1700,2300,Price Updated: 8 hours ago
Nélson Lenho,Liga NOS,LB,Silver,2400,1700,2300,Price Updated: 9 hours ago
Lewczuk,Ligue 1 Conforama,CB,Silver,2600,1600,2500,Price Updated: 8 hours ago
Armaş,Russian Football Premier League,CB,Silver,2600,1600,2500,Price Updated: 10 hours ago
Salin,Liga NOS,GK,Silver,2600,1600,2500,Price Updated: 8 hours ago
Albayrak,Süper Lig,LB,Silver,2600,1600,2500,Price Updated: 8 hours ago
Thievy,Süper Lig,ST,Silver,2600,1600,2500,Price Updated: 10 hours ago
Moubandje,Ligue 1 Conforama,LB,Silver,2500,1500,2400,Price Updated: 8 hours ago
Miguel Rosa,Liga NOS,LM,Silver,2500,1500,2400,Price Updated: 11 hours ago
Fabiano,Liga NOS,GK,Silver,2100,1400,2000,Price Updated: 8 hours ago
Suk Hyun Jun,Ligue 1 Conforama,ST,Silver,2100,1400,2000,Price Updated: 11 hours ago
Hawsawi,Dawry Jameel,CB,Silver,2000,1300,1900,Price Updated: 8 hours ago
Al Faraj,Dawry Jameel,CM,Silver,1900,1200,1800,Price Updated: 8 hours ago
Nababkin,Russian Football Premier League,LB,Silver,1900,1200,1800,Price Updated: 8 hours ago
Besler,Major League Soccer,CB,Silver,1700,1000,1600,Price Updated: 9 hours ago
Peybernès,Süper Lig,CB,Silver,1700,1000,1600,Price Updated: 8 hours ago
Petrović,Liga NOS,CDM,Silver,1700,1000,1600,Price Updated: 8 hours ago
Puncheon,Premier League,CM,Silver,1700,1000,1600,Price Updated: 7 hours ago
Obradović,Belgium Pro League,LB,Silver,1700,1000,1600,Price Updated: 8 hours ago
Laborde,Russian Football Premier League,RW,Silver,1700,1000,1600,Price Updated: 8 hours ago
Gonçalo Guedes,LaLiga Santander,ST,Silver,1700,1000,1600,Price Updated: 8 hours ago
Erdinç,Süper Lig,ST,Silver,1700,1000,1600,Price Updated: 8 hours ago
Kiko Olivas,LaLiga 1 I 2 I 3,CB,Silver,1600,900,1500,Price Updated: 10 hours ago
Emanuelson,Eredivisie,CM,Silver,1600,900,1500,Price Updated: 8 hours ago
Hélder Barbosa,Süper Lig,LW,Silver,1600,900,1500,Price Updated: 7 hours ago
Torun,Süper Lig,RM,Silver,1600,900,1500,Price Updated: 8 hours ago
Ninga,Ligue 1 Conforama,ST,Silver,1600,900,1500,Price Updated: 7 hours ago
Rodallega,Süper Lig,ST,Silver,1600,900,1500,Price Updated: 8 hours ago
Schwaab,Eredivisie,CB,Silver,1500,800,1400,Price Updated: 8 hours ago
Oier,LaLiga 1 I 2 I 3,CB,Silver,1500,800,1400,Price Updated: 10 hours ago
Fábio Espinho,Liga NOS,CM,Silver,1500,800,1400,Price Updated: 11 hours ago
Samassa,Ligue 1 Conforama,GK,Silver,1500,800,1400,Price Updated: 5 hours ago
Reichel,Bundesliga 2,LB,Silver,1500,800,1400,Price Updated: 9 hours ago
Öztekin,Süper Lig,RM,Silver,1500,800,1400,Price Updated: 8 hours ago
Juan Villar,LaLiga 1 I 2 I 3,RM,Silver,1500,800,1400,Price Updated: 11 hours ago
Scocco,Primera División,ST,Silver,1500,800,1400,Price Updated: 8 hours ago
Brégerie,Bundesliga 2,CB,Silver,1400,700,1300,Price Updated: 7 hours ago
Mykhalyk,Russian Football Premier League,CB,Silver,1400,700,1300,Price Updated: 8 hours ago
Gonzalez,LIGA Bancomer MX,CB,Silver,1400,700,1300,Price Updated: 8 hours ago
Sérgio Oliveira,Liga NOS,CM,Silver,1400,700,1300,Price Updated: 8 hours ago
Hennessey,Premier League,GK,Silver,1400,700,1300,Price Updated: 7 hours ago
Hong Chul,K LEAGUE Classic,LB,Silver,1400,700,1300,Price Updated: 10 hours ago
Fidel,LaLiga 1 I 2 I 3,LM,Silver,1400,700,1300,Price Updated: 11 hours ago
Ragusa,Calcio A,LW,Silver,1400,700,1300,Price Updated: 9 hours ago
Sam,Bundesliga 2,RM,Silver,1400,700,1300,Price Updated: 12 hours ago
David Neres,Eredivisie,RW,Silver,1400,700,1300,Price Updated: 8 hours ago
Kuzmanović,LaLiga Santander,CM,Silver,1300,600,1200,Price Updated: 7 hours ago
Costa,LaLiga 1 I 2 I 3,CM,Silver,1300,600,1200,Price Updated: 11 hours ago
Bessat,Ligue 1 Conforama,LM,Silver,1300,600,1200,Price Updated: 9 hours ago
Fábio,EFL Championship,LB,Silver,1200,500,1100,Price Updated: 12 hours ago
Karadeniz,Russian Football Premier League,LM,Silver,1200,500,1100,Price Updated: 8 hours ago
Tsallagov,Russian Football Premier League,RB,Silver,1200,500,1100,Price Updated: 11 hours ago
Dja Djédjé,Premier League,RB,Silver,1200,500,1100,Price Updated: 8 hours ago
Aitor Sanz,LaLiga 1 I 2 I 3,CDM,Silver,950,450,850,Price Updated: 11 hours ago
Claudemir,Dawry Jameel,CM,Silver,950,450,850,Price Updated: 7 hours ago
Milić,Hellas Liga,LB,Silver,950,450,850,Price Updated: 8 hours ago
Sau,Calcio A,ST,Silver,950,450,850,Price Updated: 9 hours ago
Cohade,Ligue 1 Conforama,CAM,Silver,1100,400,1000,Price Updated: 8 hours ago
Congré,Ligue 1 Conforama,CB,Silver,1100,400,1000,Price Updated: 7 hours ago
Watson,Premier League,CDM,Silver,900,400,800,Price Updated: 7 hours ago
Al Jassam,Dawry Jameel,CDM,Silver,900,400,800,Price Updated: 7 hours ago
Riou,Süper Lig,GK,Silver,900,400,800,Price Updated: 12 hours ago
Velázquez,Primera División,LB,Silver,1100,400,1000,Price Updated: 7 hours ago
José Ángel,LaLiga Santander,LB,Silver,900,400,800,Price Updated: 8 hours ago
Sobhi,Premier League,LM,Silver,900,400,800,Price Updated: 7 hours ago
Dani Pacheco,LaLiga Santander,LM,Silver,1100,400,1000,Price Updated: 7 hours ago
Cacciatore,Calcio A,RB,Silver,900,400,800,Price Updated: 12 hours ago
Ünder,Calcio A,RM,Silver,900,400,800,Price Updated: 8 hours ago
Andrijašević,Belgium Pro League,CAM,Silver,850,350,750,Price Updated: 8 hours ago
Söyüncü,Bundesliga,CB,Silver,850,350,750,Price Updated: 7 hours ago
Richards,EFL Championship,CB,Silver,850,350,750,Price Updated: 8 hours ago
Poulain,Belgium Pro League,CB,Silver,850,350,750,Price Updated: 8 hours ago
Carmona,Major League Soccer,CDM,Silver,850,350,750,Price Updated: 8 hours ago
Adam,Premier League,CM,Silver,850,350,750,Price Updated: 7 hours ago
Chantôme,Domino’s Ligue 2,CM,Silver,850,350,750,Price Updated: 46 secs ago
Yusupov,Russian Football Premier League,CM,Silver,850,350,750,Price Updated: 7 hours ago
Crouch,Premier League,ST,Silver,850,350,750,Price Updated: 7 hours ago
David Rodríguez,LaLiga 1 I 2 I 3,ST,Silver,850,350,750,Price Updated: 10 hours ago
Traoré,Süper Lig,CAM,Silver,1000,300,900,Price Updated: 8 hours ago
Pokorný,Ligue 1 Conforama,CB,Silver,800,300,700,Price Updated: 7 hours ago
Bovo,Calcio B,CB,Silver,1000,300,900,Price Updated: 11 hours ago
Ricardo,Liga NOS,CB,Silver,1000,300,900,Price Updated: 7 hours ago
Angella,Calcio A,CB,Silver,800,300,700,Price Updated: 7 hours ago
Milligan,Hyundai A-League,CDM,Silver,800,300,700,Price Updated: 9 hours ago
Jedinák,EFL Championship,CDM,Silver,800,300,700,Price Updated: 8 hours ago
Alex Bergantiños,LaLiga 1 I 2 I 3,CDM,Silver,1000,300,900,Price Updated: 11 hours ago
Dramé,Calcio A,LB,Silver,1000,300,900,Price Updated: 7 hours ago
Hult,Hellas Liga,LB,Silver,1000,300,900,Price Updated: 8 hours ago
Sammaritano,Ligue 1 Conforama,LM,Silver,1000,300,900,Price Updated: 8 hours ago
Großkreutz,Bundesliga 2,LM,Silver,1000,300,900,Price Updated: 7 hours ago
McClean,Premier League,LM,Silver,1000,300,900,Price Updated: 9 hours ago
Pol Lirola,Calcio A,RB,Silver,800,300,700,Price Updated: 8 hours ago
Najar,Belgium Pro League,RB,Silver,1000,300,900,Price Updated: 8 hours ago
Bruno Gama,LaLiga Santander,RM,Silver,1000,300,900,Price Updated: 8 hours ago
Vera,Primera División,ST,Silver,1000,300,900,Price Updated: 7 hours ago
Privat,Ligue 1 Conforama,ST,Silver,800,300,700,Price Updated: 7 hours ago
Caraglio,LIGA Bancomer MX,ST,Silver,1000,300,900,Price Updated: 8 hours ago
Nivet,Ligue 1 Conforama,CAM,Silver,750,250,650,Price Updated: 10 hours ago
Russ,Bundesliga,CB,Silver,750,250,650,Price Updated: 8 hours ago
Alcalá,LaLiga Santander,CB,Silver,750,250,650,Price Updated: 9 hours ago
Croce,Calcio B,CM,Silver,750,250,650,Price Updated: 9 hours ago
Ignatiev,Russian Football Premier League,LM,Silver,750,250,650,Price Updated: 8 hours ago
Dossevi,Ligue 1 Conforama,RM,Silver,750,250,650,Price Updated: 8 hours ago
Adomah,EFL Championship,RM,Silver,750,250,650,Price Updated: 8 hours ago
Aluko,EFL Championship,RW,Silver,750,250,650,Price Updated: 9 hours ago
Beauvue,LaLiga Santander,ST,Silver,750,250,650,Price Updated: 9 hours ago
Araujo,Hellas Liga,ST,Silver,750,250,650,Price Updated: 8 hours ago
Traoré,Ligue 1 Conforama,ST,Silver,750,250,650,Price Updated: 8 hours ago
Kljestan,Major League Soccer,CAM,Silver,700,200,600,Price Updated: 10 hours ago
Delaney,Premier League,CB,Silver,700,200,600,Price Updated: 7 hours ago
Sorbon,Ligue 1 Conforama,CB,Silver,700,200,600,Price Updated: 7 hours ago
Vasco Fernandes,Liga NOS,CB,Silver,700,200,600,Price Updated: 10 hours ago
Duffy,Premier League,CB,Silver,700,200,600,Price Updated: 7 hours ago
Mikel Rico,LaLiga Santander,CM,Silver,700,200,600,Price Updated: 8 hours ago
Féret,Ligue 1 Conforama,CM,Silver,700,200,600,Price Updated: 9 hours ago
Ortiz,Primera División,CM,Silver,700,200,600,Price Updated: 7 hours ago
Gibson,EFL Championship,CM,Silver,700,200,600,Price Updated: 8 hours ago
Pajot,Ligue 1 Conforama,CM,Silver,700,200,600,Price Updated: 8 hours ago
Pionnier,Ligue 1 Conforama,GK,Silver,700,200,600,Price Updated: 7 hours ago
Stockdale,EFL Championship,GK,Silver,700,200,600,Price Updated: 11 hours ago
Hopf,Süper Lig,GK,Silver,700,200,600,Price Updated: 10 hours ago
Manceau,Ligue 1 Conforama,LB,Silver,700,200,600,Price Updated: 8 hours ago
Pandev,Calcio A,ST,Silver,700,200,600,Price Updated: 8 hours ago
Obasi,Allsvenskan,ST,Silver,700,200,600,Price Updated: 11 hours ago
Barnes,Premier League,ST,Silver,700,200,600,Price Updated: 7 hours ago
Kléber,Liga NOS,ST,Silver,700,200,600,Price Updated: 10 hours ago
Nestorovski,Calcio B,ST,Silver,700,200,600,Price Updated: 9 hours ago
Pablo Hernández,EFL Championship,CAM,Silver,650,150,550,Price Updated: 8 hours ago
Marc Roca,LaLiga Santander,CDM,Silver,650,150,550,Price Updated: 8 hours ago
Stephens,Premier League,CM,Silver,650,150,550,Price Updated: 7 hours ago
Rodwell,EFL Championship,CM,Silver,650,150,550,Price Updated: 8 hours ago
Padelli,Calcio A,GK,Silver,650,150,550,Price Updated: 8 hours ago
Da Costa,Calcio A,GK,Silver,650,150,550,Price Updated: 7 hours ago
Rafael,Calcio A,GK,Silver,650,150,550,Price Updated: 9 hours ago
Taylor,EFL Championship,LB,Silver,650,150,550,Price Updated: 8 hours ago
Raul García,LaLiga Santander,LB,Silver,650,150,550,Price Updated: 9 hours ago
Prijović,Hellas Liga,ST,Silver,650,150,550,Price Updated: 8 hours ago
Schieber,Bundesliga,ST,Silver,650,150,550,Price Updated: 8 hours ago
Romagnoli,Primera División,CAM,Silver,600,100,500,Price Updated: 8 hours ago
Troisi,Hyundai A-League,CAM,Silver,600,100,500,Price Updated: 9 hours ago
Samba,EFL Championship,CB,Silver,600,100,500,Price Updated: 8 hours ago
Maietta,Calcio A,CB,Silver,600,100,500,Price Updated: 7 hours ago
Costa,Calcio A,CB,Silver,600,100,500,Price Updated: 7 hours ago
Juanpe,LaLiga Santander,CB,Silver,600,100,500,Price Updated: 9 hours ago
Romao,Hellas Liga,CDM,Silver,600,100,500,Price Updated: 8 hours ago
Medrán,LaLiga Santander,CM,Silver,600,100,500,Price Updated: 8 hours ago
Johansen,EFL Championship,CM,Silver,600,100,500,Price Updated: 8 hours ago
Gordon,Scottish Premiership,GK,Silver,600,100,500,Price Updated: 8 hours ago
Sinitsyn,Russian Football Premier League,GK,Silver,600,100,500,Price Updated: 8 hours ago
Jouffre,Ligue 1 Conforama,RM,Silver,600,100,500,Price Updated: 8 hours ago
Gakpé,Ligue 1 Conforama,RM,Silver,600,100,500,Price Updated: 8 hours ago
Jaime Romero,LaLiga 1 I 2 I 3,RM,Silver,600,100,500,Price Updated: 11 hours ago
Kamara,Major League Soccer,ST,Silver,600,100,500,Price Updated: 10 hours ago
Leye,Belgium Pro League,ST,Silver,600,100,500,Price Updated: 10 hours ago
Larrondo,Primera División,ST,Silver,600,100,500,Price Updated: 8 hours ago
Armenteros,Calcio A,ST,Silver,600,100,500,Price Updated: 7 hours ago
Wood,Premier League,ST,Silver,600,100,500,Price Updated: 7 hours ago
Élton,Dawry Jameel,CAM,Silver,550,50,450,Price Updated: 9 hours ago
Škriniar,Calcio A,CB,Silver,550,50,450,Price Updated: 8 hours ago
Deivid,LaLiga 1 I 2 I 3,CB,Silver,550,50,450,Price Updated: 10 hours ago
Mączyński,Ekstraklasa,CDM,Silver,550,50,450,Price Updated: 8 hours ago
Rômulo,Calcio A,CM,Silver,550,50,450,Price Updated: 12 hours ago
Delaplace,Ligue 1 Conforama,CM,Silver,550,50,450,Price Updated: 9 hours ago
Rensing,Bundesliga 2,GK,Silver,550,50,450,Price Updated: 9 hours ago
Hyka,Major League Soccer,LM,Silver,550,50,450,Price Updated: 7 hours ago
Lora,LaLiga 1 I 2 I 3,RB,Silver,550,50,450,Price Updated: 11 hours ago
Guerrero,LaLiga Santander,ST,Silver,550,50,450,Price Updated: 9 hours ago
Dentinho,Ukrayina Liha,CAM,Silver,500,0,400,Price Updated: 8 hours ago
Đuričić,Calcio A,CAM,Silver,500,0,400,Price Updated: 7 hours ago
Sergio Sánchez,LaLiga Santander,CB,Silver,500,0,400,Price Updated: 8 hours ago
Sobiech,Bundesliga 2,CB,Silver,500,0,400,Price Updated: 10 hours ago
Whelan,EFL Championship,CDM,Silver,500,0,400,Price Updated: 8 hours ago
Johansson,Hellas Liga,CDM,Silver,500,0,400,Price Updated: 8 hours ago
Hogg,Premier League,CDM,Silver,500,0,400,Price Updated: 9 hours ago
Molina,LIGA Bancomer MX,CDM,Silver,500,0,400,Price Updated: 8 hours ago
Clayton,EFL Championship,CDM,Silver,500,0,400,Price Updated: 12 hours ago
Howson,EFL Championship,CM,Silver,500,0,400,Price Updated: 12 hours ago
Bedoya,Major League Soccer,CM,Silver,500,0,400,Price Updated: 9 hours ago
Pavlenka,Bundesliga,GK,Silver,500,0,400,Price Updated: 7 hours ago
Carson,EFL Championship,GK,Silver,500,0,400,Price Updated: 11 hours ago
Joel Robles,Premier League,GK,Silver,500,0,400,Price Updated: 9 hours ago
Fernando Navarro,LaLiga Santander,LB,Silver,500,0,400,Price Updated: 8 hours ago
Morel,Ligue 1 Conforama,LB,Silver,500,0,400,Price Updated: 8 hours ago
Peluso,Calcio A,LB,Silver,500,0,400,Price Updated: 9 hours ago
Bengtsson,Alka Superliga,LB,Silver,500,0,400,Price Updated: 9 hours ago
Orbán,Primera División,LB,Silver,500,0,400,Price Updated: 11 hours ago
Heller,Bundesliga,LM,Silver,500,0,400,Price Updated: 12 hours ago
Rojas,Eredivisie,RW,Silver,500,0,400,Price Updated: 8 hours ago
Ndiaye Diedhiou,LaLiga Santander,ST,Silver,500,0,400,Price Updated: 7 hours ago
Bobô,Hyundai A-League,ST,Silver,500,0,400,Price Updated: 7 hours ago
Ulloa,Premier League,ST,Silver,500,0,400,Price Updated: 8 hours ago
Drmić,Bundesliga,ST,Silver,500,0,400,Price Updated: 8 hours ago
Forlin,LaLiga 1 I 2 I 3,CB,Silver,450,-50,350,Price Updated: 9 hours ago
Ramalho,LaLiga Santander,CB,Silver,450,-50,350,Price Updated: 9 hours ago
Pérez,Liga Dimayor,CDM,Silver,450,-50,350,Price Updated: 8 hours ago
Sparv,Alka Superliga,CDM,Silver,450,-50,350,Price Updated: 9 hours ago
Cahuzac,Ligue 1 Conforama,CDM,Silver,450,-50,350,Price Updated: 8 hours ago
Diego Farías,Calcio A,CF,Silver,450,-50,350,Price Updated: 9 hours ago
Plašil,Ligue 1 Conforama,CM,Silver,450,-50,350,Price Updated: 8 hours ago
Rigoni,Calcio A,CM,Silver,450,-50,350,Price Updated: 12 hours ago
Marshall,EFL Championship,GK,Silver,450,-50,350,Price Updated: 7 hours ago
Langerak,LaLiga Santander,GK,Silver,450,-50,350,Price Updated: 9 hours ago
Ricca,LaLiga Santander,LB,Silver,450,-50,350,Price Updated: 7 hours ago
Usami,Bundesliga 2,LM,Silver,450,-50,350,Price Updated: 9 hours ago
Waris,Domino’s Ligue 2,ST,Silver,450,-50,350,Price Updated: 11 hours ago
Bardhi,LaLiga Santander,CAM,Silver,400,-100,300,Price Updated: 8 hours ago
Berisha,Österreichische Fußball-Bundesliga,CAM,Silver,400,-100,300,Price Updated: 11 hours ago
Maurício António,Meiji Yasuda J1 League,CB,Silver,400,-100,300,Price Updated: 9 hours ago
McGregor,EFL Championship,GK,Silver,400,-100,300,Price Updated: 7 hours ago
Pocrnjic,Primera División,GK,Silver,400,-100,300,Price Updated: 7 hours ago
Kırıntılı,Süper Lig,GK,Silver,400,-100,300,Price Updated: 8 hours ago
Sepe,Calcio A,GK,Silver,400,-100,300,Price Updated: 9 hours ago
Diego Mariño,LaLiga 1 I 2 I 3,GK,Silver,400,-100,300,Price Updated: 11 hours ago
Odriozola,LaLiga Santander,RB,Silver,400,-100,300,Price Updated: 5 hours ago
Janko,Ceská Liga,ST,Silver,400,-100,300,Price Updated: 8 hours ago
Kim Shin Wook,K LEAGUE Classic,ST,Silver,400,-100,300,Price Updated: 11 hours ago
Radović,Ekstraklasa,CAM,Silver,350,-150,250,Price Updated: 8 hours ago
Biseswar,Hellas Liga,CAM,Silver,350,-150,250,Price Updated: 8 hours ago
Míchel,LaLiga 1 I 2 I 3,CAM,Silver,350,-150,250,Price Updated: 10 hours ago
Villanueva,LaLiga 1 I 2 I 3,CB,Silver,350,-150,250,Price Updated: 10 hours ago
McCarty,Major League Soccer,CDM,Silver,350,-150,250,Price Updated: 10 hours ago
Yoon Bo Sang,K LEAGUE Classic,GK,Silver,350,-150,250,Price Updated: 9 hours ago
Butelle,Belgium Pro League,GK,Silver,350,-150,250,Price Updated: 8 hours ago
Castro,Eredivisie,GK,Silver,350,-150,250,Price Updated: 10 hours ago
Drobný,Bundesliga,GK,Silver,350,-150,250,Price Updated: 7 hours ago
Jourdren,Domino’s Ligue 2,GK,Silver,350,-150,250,Price Updated: 11 hours ago
Randolph,EFL Championship,GK,Silver,350,-150,250,Price Updated: 12 hours ago
Kwoun Sun Tae,Meiji Yasuda J1 League,GK,Silver,350,-150,250,Price Updated: 8 hours ago
Room,Eredivisie,GK,Silver,350,-150,250,Price Updated: 8 hours ago
Hamid,Major League Soccer,GK,Silver,350,-150,250,Price Updated: 11 hours ago
Kainz,Bundesliga,LM,Silver,350,-150,250,Price Updated: 8 hours ago
Víctor Díaz,LaLiga 1 I 2 I 3,RB,Silver,350,-150,250,Price Updated: 7 hours ago
Djalma,Hellas Liga,RM,Silver,350,-150,250,Price Updated: 8 hours ago
López,Calcio A,ST,Silver,350,-150,250,Price Updated: 7 hours ago
Berisha,Hyundai A-League,ST,Silver,350,-150,250,Price Updated: 9 hours ago
Mchedlidze,Calcio B,ST,Silver,350,-150,250,Price Updated: 11 hours ago
Gestede,EFL Championship,ST,Silver,350,-150,250,Price Updated: 12 hours ago
Čop,Belgium Pro League,ST,Silver,350,-150,250,Price Updated: 11 hours ago
Falcinelli,Calcio A,ST,Silver,350,-150,250,Price Updated: 9 hours ago
Lasogga,EFL Championship,ST,Silver,350,-150,250,Price Updated: 8 hours ago
Barreto,Calcio A,CM,Silver,0,-500,-100,Price Updated: 7 hours ago
Lamprou,Eredivisie,GK,Silver,0,-500,-100,UNKNOWN
Kombarov,Russian Football Premier League,LB,Silver,0,-500,-100,Price Updated: 8 hours ago
Bebé,LaLiga Santander,LM,Silver,0,-500,-100,Price Updated: 8 hours ago
Lasne,Ligue 1 Conforama,LM,Silver,0,-500,-100,Price Updated: 7 hours ago
Pied,Premier League,RB,Silver,0,-500,-100,Price Updated: 8 hours ago
