Name,League,Position,Card Type,Lowest Buy Now Price,Max Bid Price,Minimum Sell Price,Last Updated20171020_110534
Ninga,Ligue 1 Conforama,ST,Silver,1600,900,1500,Price Updated: 8 hours ago
Yazıcı,Süper Lig,CAM,Silver,3600,2600,3500,Price Updated: 8 hours ago
Söyüncü,Bundesliga,CB,Silver,850,350,750,Price Updated: 8 hours ago
Fosu-Mensah,Premier League,RB,Silver,6400,5120,6300,Price Updated: 8 hours ago
Maurício António,Meiji Yasuda J1 League,CB,Silver,400,-100,300,Price Updated: 9 hours ago
Škriniar,Calcio A,CB,Silver,550,50,450,Price Updated: 9 hours ago
Ricca,LaLiga Santander,LB,Silver,450,-50,350,Price Updated: 8 hours ago
Yoon Bo Sang,K LEAGUE Classic,GK,Silver,350,-150,250,Price Updated: 9 hours ago
Villanueva,LaLiga 1 I 2 I 3,CB,Silver,350,-150,250,Price Updated: 10 hours ago
Sobhi,Premier League,LM,Silver,900,400,800,Price Updated: 8 hours ago
Ndiaye Diedhiou,LaLiga Santander,ST,Silver,500,0,400,Price Updated: 7 hours ago
Odriozola,LaLiga Santander,RB,Silver,400,-100,300,Price Updated: 19 mins ago
Perdigão,Liga NOS,RW,Silver,3300,2300,3200,Price Updated: 8 hours ago
Pol Lirola,Calcio A,RB,Silver,800,300,700,Price Updated: 9 hours ago
Ünder,Calcio A,RM,Silver,900,400,800,Price Updated: 9 hours ago
Marc Roca,LaLiga Santander,CDM,Silver,650,150,550,Price Updated: 8 hours ago
Pavlenka,Bundesliga,GK,Silver,500,0,400,Price Updated: 8 hours ago
David Neres,Eredivisie,RW,Silver,1400,700,1300,Price Updated: 8 hours ago
Bardhi,LaLiga Santander,CAM,Silver,400,-100,300,Price Updated: 9 hours ago
Pokorný,Ligue 1 Conforama,CB,Silver,800,300,700,Price Updated: 8 hours ago
Andrijašević,Belgium Pro League,CAM,Silver,850,350,750,Price Updated: 8 hours ago
Sergio Sánchez,LaLiga Santander,CB,Silver,500,0,400,Price Updated: 8 hours ago
N'Dinga,Süper Lig,CDM,Silver,4100,3100,4000,Price Updated: 10 hours ago
Thievy,Süper Lig,ST,Silver,2600,1600,2500,Price Updated: 10 hours ago
Tannane,LaLiga Santander,RW,Silver,7800,6240,7700,Price Updated: 8 hours ago
Medrán,LaLiga Santander,CM,Silver,600,100,500,Price Updated: 8 hours ago
Gonçalo Guedes,LaLiga Santander,ST,Silver,1700,1000,1600,Price Updated: 8 hours ago
Nivet,Ligue 1 Conforama,CAM,Silver,750,250,650,Price Updated: 11 hours ago
Samba,EFL Championship,CB,Silver,600,100,500,Price Updated: 9 hours ago
McGregor,EFL Championship,GK,Silver,400,-100,300,Price Updated: 8 hours ago
Butelle,Belgium Pro League,GK,Silver,350,-150,250,Price Updated: 8 hours ago
Crouch,Premier League,ST,Silver,850,350,750,Price Updated: 8 hours ago
Fernando Navarro,LaLiga Santander,LB,Silver,500,0,400,Price Updated: 9 hours ago
Gordon,Scottish Premiership,GK,Silver,600,100,500,Price Updated: 8 hours ago
de Jong,Süper Lig,CDM,Silver,5300,4240,5200,Price Updated: 8 hours ago
Bovo,Calcio B,CB,Silver,500,0,400,Price Updated: 14 mins ago
Castro,Eredivisie,GK,Silver,350,-150,250,Price Updated: 10 hours ago
Plašil,Ligue 1 Conforama,CM,Silver,450,-50,350,Price Updated: 8 hours ago
Cohade,Ligue 1 Conforama,CAM,Silver,1100,400,1000,Price Updated: 9 hours ago
Pionnier,Ligue 1 Conforama,GK,Silver,700,200,600,Price Updated: 8 hours ago
Rensing,Bundesliga 2,GK,Silver,550,50,450,Price Updated: 10 hours ago
Koné,Süper Lig,ST,Silver,3500,2500,3400,Price Updated: 10 hours ago
Gülüm,Hyundai A-League,CB,Silver,3000,2000,2900,Price Updated: 9 hours ago
Croce,Calcio B,CM,Silver,750,250,650,Price Updated: 9 hours ago
Pandev,Calcio A,ST,Silver,700,200,600,Price Updated: 9 hours ago
Maietta,Calcio A,CB,Silver,600,100,500,Price Updated: 7 hours ago
Jouffre,Ligue 1 Conforama,RM,Silver,600,100,500,Price Updated: 9 hours ago
Janko,Ceská Liga,ST,Silver,400,-100,300,Price Updated: 8 hours ago
López,Calcio A,ST,Silver,350,-150,250,Price Updated: 8 hours ago
Morel,Ligue 1 Conforama,LB,Silver,500,0,400,Price Updated: 8 hours ago
Marshall,EFL Championship,GK,Silver,450,-50,350,Price Updated: 8 hours ago
Aitor Sanz,LaLiga 1 I 2 I 3,CDM,Silver,950,450,850,Price Updated: 11 hours ago
Romagnoli,Primera División,CAM,Silver,600,100,500,Price Updated: 8 hours ago
Velázquez,Primera División,LB,Silver,1100,400,1000,Price Updated: 8 hours ago
Karadeniz,Russian Football Premier League,LM,Silver,1200,500,1100,Price Updated: 8 hours ago
Pocrnjic,Primera División,GK,Silver,400,-100,300,Price Updated: 8 hours ago
Demir,Süper Lig,ST,Silver,3800,2800,3700,Price Updated: 10 hours ago
Kırıntılı,Süper Lig,GK,Silver,400,-100,300,Price Updated: 9 hours ago
Albayrak,Süper Lig,LB,Silver,2600,1600,2500,Price Updated: 9 hours ago
Mikel Rico,LaLiga Santander,CM,Silver,700,200,600,Price Updated: 9 hours ago
Gabulov,Russian Football Premier League,GK,Silver,4000,3000,3900,Price Updated: 10 hours ago
Rebrov,Russian Football Premier League,GK,Silver,9100,7280,9000,Price Updated: 8 hours ago
Drobný,Bundesliga,GK,Silver,350,-150,250,Price Updated: 8 hours ago
Salin,Liga NOS,GK,Silver,2600,1600,2500,Price Updated: 8 hours ago
Puncheon,Premier League,CM,Silver,1700,1000,1600,Price Updated: 8 hours ago
Bobô,Hyundai A-League,ST,Silver,500,0,400,Price Updated: 8 hours ago
Barreto,Calcio A,CM,Silver,0,-500,-100,Price Updated: 8 hours ago
Àngel Rangel,Premier League,RB,Silver,4400,3400,4300,Price Updated: 10 hours ago
Adam,Premier League,CM,Silver,850,350,750,Price Updated: 8 hours ago
Gouffran,Süper Lig,LM,Silver,4500,3500,4400,Price Updated: 9 hours ago
Ricardo,Liga NOS,CB,Silver,1000,300,900,Price Updated: 8 hours ago
Berisha,Hyundai A-League,ST,Silver,350,-150,250,Price Updated: 10 hours ago
Russ,Bundesliga,CB,Silver,750,250,650,Price Updated: 8 hours ago
Carson,EFL Championship,GK,Silver,500,0,400,Price Updated: 12 hours ago
Reichel,Bundesliga 2,LB,Silver,1500,800,1400,Price Updated: 10 hours ago
Léo Matos,Hellas Liga,RB,Silver,3400,2400,3300,Price Updated: 8 hours ago
Romao,Hellas Liga,CDM,Silver,600,100,500,Price Updated: 8 hours ago
Delaney,Premier League,CB,Silver,700,200,600,Price Updated: 8 hours ago
Pérez,Liga Dimayor,CDM,Silver,450,-50,350,Price Updated: 9 hours ago
Élton,Dawry Jameel,CAM,Silver,550,50,450,Price Updated: 9 hours ago
Watson,Premier League,CDM,Silver,900,400,800,Price Updated: 8 hours ago
Padelli,Calcio A,GK,Silver,650,150,550,Price Updated: 9 hours ago
Barrientos,LIGA Bancomer MX,CAM,Silver,3100,2100,3000,Price Updated: 9 hours ago
Whelan,EFL Championship,CDM,Silver,500,0,400,Price Updated: 9 hours ago
Congré,Ligue 1 Conforama,CB,Silver,1100,400,1000,Price Updated: 8 hours ago
Jourdren,Domino’s Ligue 2,GK,Silver,350,-150,250,Price Updated: 11 hours ago
Féret,Ligue 1 Conforama,CM,Silver,700,200,600,Price Updated: 9 hours ago
Obasi,Allsvenskan,ST,Silver,1000,300,900,Price Updated: 11 mins ago
Aogo,Bundesliga,LB,Silver,6200,4960,6100,Price Updated: 8 hours ago
Bruno Gama,LaLiga Santander,RM,Silver,1000,300,900,Price Updated: 9 hours ago
Sparv,Alka Superliga,CDM,Silver,450,-50,350,Price Updated: 9 hours ago
Cássio,Liga NOS,GK,Silver,2400,1700,2300,Price Updated: 8 hours ago
Ortiz,Primera División,CM,Silver,700,200,600,Price Updated: 8 hours ago
Ulloa,Premier League,ST,Silver,500,0,400,Price Updated: 9 hours ago
Bebé,LaLiga Santander,LM,Silver,0,-500,-100,Price Updated: 8 hours ago
Balta,Süper Lig,CB,Silver,8500,6800,8400,Price Updated: 8 hours ago
Maksimov,Russian Football Premier League,CAM,Silver,5000,4000,4900,Price Updated: 10 hours ago
Sinitsyn,Russian Football Premier League,GK,Silver,600,100,500,Price Updated: 8 hours ago
Radović,Ekstraklasa,CAM,Silver,350,-150,250,Price Updated: 9 hours ago
Nababkin,Russian Football Premier League,LB,Silver,1900,1200,1800,Price Updated: 9 hours ago
Méndez,LIGA Bancomer MX,CM,Silver,5200,4160,5100,Price Updated: 9 hours ago
Cahuzac,Ligue 1 Conforama,CDM,Silver,450,-50,350,Price Updated: 8 hours ago
Sorbon,Ligue 1 Conforama,CB,Silver,700,200,600,Price Updated: 8 hours ago
Amalfitano,Ligue 1 Conforama,RM,Silver,3700,2700,3600,Price Updated: 8 hours ago
Rodallega,Süper Lig,ST,Silver,1600,900,1500,Price Updated: 8 hours ago
Kuzmanović,LaLiga Santander,CM,Silver,1300,600,1200,Price Updated: 8 hours ago
Dramé,Calcio A,LB,Silver,1000,300,900,Price Updated: 8 hours ago
Al Jassam,Dawry Jameel,CDM,Silver,900,400,800,Price Updated: 8 hours ago
Riou,Süper Lig,GK,Silver,900,400,800,Price Updated: 12 hours ago
Gakpé,Ligue 1 Conforama,RM,Silver,600,100,500,Price Updated: 9 hours ago
Suttner,Premier League,LB,Silver,3100,2100,3000,Price Updated: 8 hours ago
Gibson,EFL Championship,CM,Silver,700,200,600,Price Updated: 9 hours ago
Randolph,EFL Championship,GK,Silver,350,-150,250,Price Updated: 12 hours ago
Richards,EFL Championship,CB,Silver,850,350,750,Price Updated: 9 hours ago
Emanuelson,Eredivisie,CM,Silver,1600,900,1500,Price Updated: 8 hours ago
Hennessey,Premier League,GK,Silver,1400,700,1300,Price Updated: 8 hours ago
Bastians,Bundesliga 2,CB,Silver,17750,14160,17500,Price Updated: 22 mins ago
David Rodríguez,LaLiga 1 I 2 I 3,ST,Silver,850,350,750,Price Updated: 11 hours ago
Scocco,Primera División,ST,Silver,1500,800,1400,Price Updated: 8 hours ago
Basanta,LIGA Bancomer MX,CB,Silver,9500,7600,9400,Price Updated: 8 hours ago
Peñalba,LIGA Bancomer MX,CM,Silver,6800,5440,6700,Price Updated: 8 hours ago
Troisi,Hyundai A-League,CAM,Silver,600,100,500,Price Updated: 10 hours ago
Elustondo,Liga Dimayor,CB,Silver,6600,5280,6500,Price Updated: 8 hours ago
Jensen,Eliteserien,CM,Silver,19000,15200,18750,Price Updated: 18 mins ago
Aluko,EFL Championship,RW,Silver,750,250,650,Price Updated: 9 hours ago
Taylor,EFL Championship,LB,Silver,650,150,550,Price Updated: 9 hours ago
Mączyński,Ekstraklasa,CDM,Silver,550,50,450,Price Updated: 9 hours ago
Hélder Barbosa,Süper Lig,LW,Silver,1600,900,1500,Price Updated: 8 hours ago
Kamara,Major League Soccer,ST,Silver,600,100,500,Price Updated: 11 hours ago
Kljestan,Major League Soccer,CAM,Silver,700,200,600,Price Updated: 11 hours ago
McCarty,Major League Soccer,CDM,Silver,350,-150,250,Price Updated: 11 hours ago
Kwoun Sun Tae,Meiji Yasuda J1 League,GK,Silver,350,-150,250,Price Updated: 9 hours ago
Yeom Ki Hun,K LEAGUE Classic,ST,Silver,1100,400,1000,Price Updated: 4 mins ago
Tošić,Süper Lig,CB,Silver,6000,4800,5900,Price Updated: 8 hours ago
Erdinç,Süper Lig,ST,Silver,1700,1000,1600,Price Updated: 8 hours ago
Hyka,Major League Soccer,LM,Silver,550,50,450,Price Updated: 8 hours ago
Milligan,Hyundai A-League,CDM,Silver,800,300,700,Price Updated: 10 hours ago
Leye,Belgium Pro League,ST,Silver,600,100,500,Price Updated: 11 hours ago
Gashi,Major League Soccer,LM,Silver,7500,6000,7400,Price Updated: 11 hours ago
Sam,Bundesliga 2,RM,Silver,750,250,650,Price Updated: 24 mins ago
Chantôme,Domino’s Ligue 2,CM,Silver,850,350,750,Price Updated: 30 mins ago
Brégerie,Bundesliga 2,CB,Silver,1400,700,1300,Price Updated: 8 hours ago
Costa,Calcio A,CB,Silver,600,100,500,Price Updated: 8 hours ago
Biseswar,Hellas Liga,CAM,Silver,350,-150,250,Price Updated: 8 hours ago
Christodoulopoulos,Hellas Liga,LM,Silver,7500,6000,7400,Price Updated: 9 hours ago
Kembo-Ekoko,Süper Lig,RW,Silver,4500,3500,4400,Price Updated: 8 hours ago
Boffin,Süper Lig,GK,Silver,9000,7200,8900,Price Updated: 8 hours ago
Traoré,Süper Lig,CAM,Silver,1000,300,900,Price Updated: 9 hours ago
Peluso,Calcio A,LB,Silver,500,0,400,Price Updated: 9 hours ago
Demirok,Süper Lig,CB,Silver,3000,2000,2900,Price Updated: 8 hours ago
Mykhalyk,Russian Football Premier League,CB,Silver,1400,700,1300,Price Updated: 9 hours ago
Pablo Hernández,EFL Championship,CAM,Silver,650,150,550,Price Updated: 9 hours ago
Heller,Bundesliga,LM,Silver,500,0,400,Price Updated: 12 hours ago
Márcio Azevedo,Ukrayina Liha,LB,Silver,16000,12800,15750,Price Updated: 17 mins ago
Bengtsson,Alka Superliga,LB,Silver,500,0,400,Price Updated: 10 hours ago
Johansson,Hellas Liga,CDM,Silver,500,0,400,Price Updated: 9 hours ago
Jedinák,EFL Championship,CDM,Silver,800,300,700,Price Updated: 9 hours ago
Epureanu,Süper Lig,CB,Silver,3500,2500,3400,Price Updated: 9 hours ago
Stephens,Premier League,CM,Silver,650,150,550,Price Updated: 8 hours ago
Stockdale,EFL Championship,GK,Silver,700,200,600,Price Updated: 12 hours ago
Langerak,LaLiga Santander,GK,Silver,450,-50,350,Price Updated: 9 hours ago
Rúben Ribeiro,Liga NOS,LW,Silver,7500,6000,7400,Price Updated: 8 hours ago
Vera,Primera División,ST,Silver,1000,300,900,Price Updated: 8 hours ago
Beauvue,LaLiga Santander,ST,Silver,750,250,650,Price Updated: 9 hours ago
Víctor Díaz,LaLiga 1 I 2 I 3,RB,Silver,350,-150,250,Price Updated: 8 hours ago
Howson,EFL Championship,CM,Silver,500,0,400,Price Updated: 12 hours ago
Schwaab,Eredivisie,CB,Silver,1500,800,1400,Price Updated: 9 hours ago
Rodwell,EFL Championship,CM,Silver,650,150,550,Price Updated: 9 hours ago
Hogg,Premier League,CDM,Silver,500,0,400,Price Updated: 9 hours ago
Molina,LIGA Bancomer MX,CDM,Silver,500,0,400,Price Updated: 8 hours ago
Çamdalı,Süper Lig,CDM,Silver,2400,1700,2300,Price Updated: 9 hours ago
Dossevi,Ligue 1 Conforama,RM,Silver,750,250,650,Price Updated: 9 hours ago
Pied,Premier League,RB,Silver,0,-500,-100,Price Updated: 9 hours ago
Forlin,LaLiga 1 I 2 I 3,CB,Silver,450,-50,350,Price Updated: 10 hours ago
Bessat,Ligue 1 Conforama,LM,Silver,1300,600,1200,Price Updated: 9 hours ago
Djalma,Hellas Liga,RM,Silver,350,-150,250,Price Updated: 8 hours ago
Fabiano,Liga NOS,GK,Silver,2100,1400,2000,Price Updated: 8 hours ago
Larrondo,Primera División,ST,Silver,600,100,500,Price Updated: 8 hours ago
Lora,LaLiga 1 I 2 I 3,RB,Silver,550,50,450,Price Updated: 11 hours ago
Vasco Fernandes,Liga NOS,CB,Silver,700,200,600,Price Updated: 11 hours ago
Mchedlidze,Calcio B,ST,Silver,400,-100,300,Price Updated: 4 mins ago
Rausch,Bundesliga,LM,Silver,8100,6480,8000,Price Updated: 9 hours ago
Clayton,EFL Championship,CDM,Silver,500,0,400,Price Updated: 12 hours ago
Dentinho,Ukrayina Liha,CAM,Silver,500,0,400,Price Updated: 9 hours ago
Kiko Olivas,LaLiga 1 I 2 I 3,CB,Silver,1600,900,1500,Price Updated: 11 hours ago
Adomah,EFL Championship,RM,Silver,750,250,650,Price Updated: 9 hours ago
Barnes,Premier League,ST,Silver,700,200,600,Price Updated: 8 hours ago
Claudemir,Dawry Jameel,CM,Silver,950,450,850,Price Updated: 8 hours ago
Johansen,EFL Championship,CM,Silver,600,100,500,Price Updated: 9 hours ago
Privat,Ligue 1 Conforama,ST,Silver,800,300,700,Price Updated: 8 hours ago
Kombarov,Russian Football Premier League,LB,Silver,0,-500,-100,Price Updated: 9 hours ago
Vasin,Russian Football Premier League,CB,Silver,6000,4800,5900,Price Updated: 9 hours ago
Laborde,Russian Football Premier League,RW,Silver,1700,1000,1600,Price Updated: 9 hours ago
Mpoku,Belgium Pro League,CAM,Silver,3200,2200,3100,Price Updated: 11 hours ago
Gestede,EFL Championship,ST,Silver,350,-150,250,Price Updated: 12 hours ago
Sammaritano,Ligue 1 Conforama,LM,Silver,1000,300,900,Price Updated: 9 hours ago
Cacciatore,Calcio A,RB,Silver,900,400,800,Price Updated: 13 hours ago
Großkreutz,Bundesliga 2,LM,Silver,1000,300,900,Price Updated: 8 hours ago
Carmona,Major League Soccer,CDM,Silver,850,350,750,Price Updated: 9 hours ago
Dani Pacheco,LaLiga Santander,LM,Silver,1100,400,1000,Price Updated: 8 hours ago
Sau,Calcio A,ST,Silver,950,450,850,Price Updated: 9 hours ago
Poulain,Belgium Pro League,CB,Silver,850,350,750,Price Updated: 9 hours ago
Lewczuk,Ligue 1 Conforama,CB,Silver,2600,1600,2500,Price Updated: 9 hours ago
Costa,LaLiga 1 I 2 I 3,CM,Silver,1200,500,1100,Price Updated: 1 min ago
Alex Bergantiños,LaLiga 1 I 2 I 3,CDM,Silver,1000,300,900,Price Updated: 11 hours ago
Room,Eredivisie,GK,Silver,350,-150,250,Price Updated: 9 hours ago
Aziz,Süper Lig,CB,Silver,3100,2100,3000,Price Updated: 9 hours ago
Fidel,LaLiga 1 I 2 I 3,LM,Silver,700,200,600,Price Updated: 1 min ago
Torun,Süper Lig,RM,Silver,1600,900,1500,Price Updated: 9 hours ago
Angella,Calcio A,CB,Silver,800,300,700,Price Updated: 8 hours ago
Nélson Oliveira,EFL Championship,ST,Silver,3000,2000,2900,Price Updated: 9 hours ago
Urretaviscaya,LIGA Bancomer MX,RW,Silver,4800,3800,4700,Price Updated: 8 hours ago
Diekmeier,Bundesliga,RB,Silver,4000,3000,3900,Price Updated: 8 hours ago
Jaime Romero,LaLiga 1 I 2 I 3,RM,Silver,900,400,800,Price Updated: 2 mins ago
Diego Farías,Calcio A,CF,Silver,450,-50,350,Price Updated: 9 hours ago
Şahan,Süper Lig,RM,Silver,3800,2800,3700,Price Updated: 8 hours ago
Čop,Belgium Pro League,ST,Silver,350,-150,250,Price Updated: 12 hours ago
Ramalho,LaLiga Santander,CB,Silver,450,-50,350,Price Updated: 9 hours ago
Fábio,EFL Championship,LB,Silver,1200,500,1100,Price Updated: 12 hours ago
Da Costa,Calcio A,GK,Silver,650,150,550,Price Updated: 8 hours ago
Alcalá,LaLiga Santander,CB,Silver,750,250,650,Price Updated: 9 hours ago
Armenteros,Calcio A,ST,Silver,600,100,500,Price Updated: 8 hours ago
Prijović,Hellas Liga,ST,Silver,650,150,550,Price Updated: 8 hours ago
Manceau,Ligue 1 Conforama,LB,Silver,700,200,600,Price Updated: 9 hours ago
Seleznyov,Süper Lig,ST,Silver,6400,5120,6300,Price Updated: 9 hours ago
José Ángel,LaLiga Santander,LB,Silver,900,400,800,Price Updated: 8 hours ago
Samassa,Ligue 1 Conforama,GK,Silver,850,350,750,Price Updated: 2 mins ago
Hopf,Süper Lig,GK,Silver,700,200,600,Price Updated: 10 hours ago
Rigoni,Calcio A,CM,Silver,450,-50,350,Price Updated: 13 hours ago
Oier,LaLiga 1 I 2 I 3,CB,Silver,1500,800,1400,Price Updated: 11 hours ago
Míchel,LaLiga 1 I 2 I 3,CAM,Silver,350,-150,250,Price Updated: 11 hours ago
Opara,Major League Soccer,CB,Silver,5600,4480,5500,Price Updated: 10 hours ago
Gonzalez,LIGA Bancomer MX,CB,Silver,1400,700,1300,Price Updated: 8 hours ago
Ríos,LIGA Bancomer MX,CDM,Silver,3400,2400,3300,Price Updated: 9 hours ago
Armaş,Russian Football Premier League,CB,Silver,2600,1600,2500,Price Updated: 10 hours ago
Schieber,Bundesliga,ST,Silver,650,150,550,Price Updated: 8 hours ago
Öztekin,Süper Lig,RM,Silver,1500,800,1400,Price Updated: 9 hours ago
Besler,Major League Soccer,CB,Silver,1700,1000,1600,Price Updated: 10 hours ago
Sepe,Calcio A,GK,Silver,400,-100,300,Price Updated: 9 hours ago
Bedoya,Major League Soccer,CM,Silver,500,0,400,Price Updated: 9 hours ago
Obradović,Belgium Pro League,LB,Silver,1700,1000,1600,Price Updated: 9 hours ago
Hawsawi,Dawry Jameel,CB,Silver,2000,1300,1900,Price Updated: 9 hours ago
Al Faraj,Dawry Jameel,CM,Silver,1900,1200,1800,Price Updated: 9 hours ago
Usami,Bundesliga 2,LM,Silver,450,-50,350,Price Updated: 10 hours ago
Orbán,Primera División,LB,Silver,500,0,400,Price Updated: 11 hours ago
Kléber,Liga NOS,ST,Silver,700,200,600,Price Updated: 11 hours ago
Berisha,Österreichische Fußball-Bundesliga,CAM,Silver,400,-100,300,Price Updated: 12 hours ago
Kim Shin Wook,K LEAGUE Classic,ST,Silver,500,0,400,Price Updated: 13 mins ago
Milić,Hellas Liga,LB,Silver,950,450,850,Price Updated: 8 hours ago
Araujo,LIGA Bancomer MX,CB,Silver,3100,2100,3000,Price Updated: 8 hours ago
Hult,Hellas Liga,LB,Silver,1000,300,900,Price Updated: 9 hours ago
Wood,Premier League,ST,Silver,600,100,500,Price Updated: 8 hours ago
Ignatiev,Russian Football Premier League,LM,Silver,750,250,650,Price Updated: 9 hours ago
Lasne,Ligue 1 Conforama,LM,Silver,0,-500,-100,Price Updated: 8 hours ago
Cardona,Primera División,CAM,Silver,5000,4000,4900,Price Updated: 8 hours ago
Caraglio,LIGA Bancomer MX,ST,Silver,1000,300,900,Price Updated: 9 hours ago
Rafael,Calcio A,GK,Silver,650,150,550,Price Updated: 9 hours ago
Júnior Caiçara,Süper Lig,RB,Silver,3600,2600,3500,Price Updated: 9 hours ago
Juan Villar,LaLiga 1 I 2 I 3,RM,Silver,1500,800,1400,Price Updated: 12 hours ago
Duffy,Premier League,CB,Silver,700,200,600,Price Updated: 8 hours ago
Miguel Rosa,Liga NOS,LM,Silver,4000,3000,3900,Price Updated: 4 mins ago
Juanpe,LaLiga Santander,CB,Silver,600,100,500,Price Updated: 9 hours ago
Yusupov,Russian Football Premier League,CM,Silver,850,350,750,Price Updated: 8 hours ago
Falcinelli,Calcio A,ST,Silver,350,-150,250,Price Updated: 9 hours ago
Rojas,Eredivisie,RW,Silver,500,0,400,Price Updated: 9 hours ago
Seferović,Liga NOS,ST,Silver,2800,1800,2700,Price Updated: 9 hours ago
Fábio Espinho,Liga NOS,CM,Silver,1300,600,1200,Price Updated: 6 mins ago
Nélson Lenho,Liga NOS,LB,Silver,2400,1700,2300,Price Updated: 10 hours ago
Rômulo,Calcio A,CM,Silver,550,50,450,Price Updated: 12 hours ago
Đuričić,Calcio A,CAM,Silver,500,0,400,Price Updated: 8 hours ago
Sobiech,Bundesliga 2,CB,Silver,500,0,400,Price Updated: 10 hours ago
Kanunnikov,Russian Football Premier League,ST,Silver,6800,5440,6700,Price Updated: 9 hours ago
Hamid,Major League Soccer,GK,Silver,1300,600,1200,Price Updated: 24 mins ago
Tiago Pinto,Süper Lig,LB,Silver,5000,4000,4900,Price Updated: 8 hours ago
Kainz,Bundesliga,LM,Silver,350,-150,250,Price Updated: 8 hours ago
Petrović,Liga NOS,CDM,Silver,1700,1000,1600,Price Updated: 9 hours ago
Peybernès,Süper Lig,CB,Silver,1700,1000,1600,Price Updated: 9 hours ago
Joel Robles,Premier League,GK,Silver,500,0,400,Price Updated: 9 hours ago
Suk Hyun Jun,Ligue 1 Conforama,ST,Silver,1800,1100,1700,Price Updated: 9 mins ago
Sérgio Oliveira,Liga NOS,CM,Silver,1400,700,1300,Price Updated: 9 hours ago
Moubandje,Ligue 1 Conforama,LB,Silver,2500,1500,2400,Price Updated: 8 hours ago
Ragusa,Calcio A,LW,Silver,1400,700,1300,Price Updated: 9 hours ago
Araujo,Hellas Liga,ST,Silver,750,250,650,Price Updated: 9 hours ago
Guerrero,LaLiga Santander,ST,Silver,550,50,450,Price Updated: 9 hours ago
Lasogga,EFL Championship,ST,Silver,350,-150,250,Price Updated: 9 hours ago
Raul García,LaLiga Santander,LB,Silver,650,150,550,Price Updated: 9 hours ago
Jara,LIGA Bancomer MX,ST,Silver,4400,3400,4300,Price Updated: 8 hours ago
Waris,Domino’s Ligue 2,ST,Silver,450,-50,350,Price Updated: 12 hours ago
McClean,Premier League,LM,Silver,1000,300,900,Price Updated: 9 hours ago
Drmić,Bundesliga,ST,Silver,500,0,400,Price Updated: 9 hours ago
Svensson,Eredivisie,RB,Silver,3000,2000,2900,Price Updated: 9 hours ago
Najar,Belgium Pro League,RB,Silver,1000,300,900,Price Updated: 9 hours ago
Pajot,Ligue 1 Conforama,CM,Silver,700,200,600,Price Updated: 9 hours ago
Tsallagov,Russian Football Premier League,RB,Silver,1200,500,1100,Price Updated: 12 hours ago
Traoré,Ligue 1 Conforama,ST,Silver,750,250,650,Price Updated: 9 hours ago
Dabo,Ligue 1 Conforama,CM,Silver,40250,32160,40000,Price Updated: 19 mins ago
Delaplace,Ligue 1 Conforama,CM,Silver,550,50,450,Price Updated: 9 hours ago
Hong Chul,K LEAGUE Classic,LB,Silver,1500,800,1400,Price Updated: 5 mins ago
Nestorovski,Calcio B,ST,Silver,700,200,600,Price Updated: 9 hours ago
Dja Djédjé,Premier League,RB,Silver,1200,500,1100,Price Updated: 8 hours ago
Deivid,LaLiga 1 I 2 I 3,CB,Silver,550,50,450,Price Updated: 11 hours ago
Diego Mariño,LaLiga 1 I 2 I 3,GK,Silver,400,-100,300,Price Updated: 12 hours ago
Lamprou,Eredivisie,GK,Silver,350,-150,250,Price Updated: 9 hours ago
Çağıran,Süper Lig,CDM,Silver,0,-500,-100,Price Updated: 9 hours ago
Igboun,Russian Football Premier League,ST,Silver,2200,1500,2100,Price Updated: 8 hours ago
Christiansen,Allsvenskan,CM,Silver,450,-50,350,Price Updated: 36 mins ago
Arbilla,LaLiga Santander,RB,Silver,1500,800,1400,Price Updated: 9 hours ago
van Rhijn,Eredivisie,RB,Silver,9200,7360,9100,Price Updated: 9 hours ago
Maher,Eredivisie,CAM,Silver,550,50,450,Price Updated: 9 hours ago
Soumaoro,Ligue 1 Conforama,CB,Silver,1500,800,1400,Price Updated: 8 hours ago
Carles Planas,LaLiga Santander,LB,Silver,400,-100,300,Price Updated: 9 hours ago
Ince,Premier League,RW,Silver,900,400,800,Price Updated: 9 hours ago
Schulz,Bundesliga,LB,Silver,1400,700,1300,Price Updated: 12 hours ago
Forrest,Scottish Premiership,RM,Silver,550,50,450,Price Updated: 9 hours ago
Burdisso,LIGA Bancomer MX,CB,Silver,1200,500,1100,Price Updated: 8 hours ago
Ciğerci,Süper Lig,CDM,Silver,3300,2300,3200,Price Updated: 9 hours ago
Moore,EFL Championship,CB,Silver,800,300,700,Price Updated: 9 hours ago
Leitner,Bundesliga,CM,Silver,400,-100,300,Price Updated: 12 hours ago
André Martins,Hellas Liga,CM,Silver,950,450,850,Price Updated: 9 hours ago
Carole,LaLiga Santander,LB,Silver,850,350,750,Price Updated: 9 hours ago
Dejaegere,Belgium Pro League,CM,Silver,1400,700,1300,Price Updated: 9 hours ago
Diego,Domino’s Ligue 2,LM,Silver,2900,1900,2800,Price Updated: 39 mins ago
Kalas,EFL Championship,CB,Silver,450,-50,350,Price Updated: 9 hours ago
Morrison,LIGA Bancomer MX,CAM,Silver,1000,300,900,Price Updated: 9 hours ago
Acquah,Calcio A,CM,Silver,2000,1300,1900,Price Updated: 9 hours ago
Falk Jensen,Alka Superliga,LM,Silver,450,-50,350,Price Updated: 10 hours ago
Torje,Süper Lig,LM,Silver,5100,4080,5000,Price Updated: 10 hours ago
Ryder,Calcio A,ST,Silver,1500,800,1400,Price Updated: 8 hours ago
Juankar,LaLiga Santander,LB,Silver,600,100,500,Price Updated: 8 hours ago
Wisdom,EFL Championship,CB,Silver,650,150,550,Price Updated: 12 hours ago
Gabriel,Calcio A,GK,Silver,1200,500,1100,Price Updated: 9 hours ago
Schmid,Bundesliga,RM,Silver,9000,7200,8900,Price Updated: 12 hours ago
Afobe,Premier League,ST,Silver,700,200,600,Price Updated: 13 hours ago
Anđelković,Calcio B,CB,Silver,600,100,500,Price Updated: 46 mins ago
Ostrzolek,Bundesliga,LB,Silver,800,300,700,Price Updated: 9 hours ago
Meram,Major League Soccer,LM,Silver,1700,1000,1600,Price Updated: 9 hours ago
Rodrigo Ely,LaLiga Santander,CB,Silver,650,150,550,Price Updated: 9 hours ago
Uribe,LIGA Bancomer MX,ST,Silver,1800,1100,1700,Price Updated: 9 hours ago
David Juncà,LaLiga Santander,LB,Silver,900,400,800,Price Updated: 9 hours ago
Víctor Álvarez,Russian Football Premier League,LB,Silver,2000,1300,1900,Price Updated: 10 hours ago
Alex Martínez,LaLiga 1 I 2 I 3,LB,Silver,1500,800,1400,Price Updated: 8 hours ago
Serero,Eredivisie,CM,Silver,450,-50,350,Price Updated: 9 hours ago
Mora,Primera División,ST,Silver,550,50,450,Price Updated: 9 hours ago
Onazi,Süper Lig,CDM,Silver,3900,2900,3800,Price Updated: 9 hours ago
Kebano,EFL Championship,LW,Silver,350,-150,250,Price Updated: 9 hours ago
Lucas Piazon,EFL Championship,LM,Silver,650,150,550,Price Updated: 9 hours ago
Tiago,Meiji Yasuda J1 League,CF,Silver,700,200,600,Price Updated: 2 mins ago
Mauro,Liga NOS,CDM,Silver,800,300,700,Price Updated: 9 hours ago
Martynovich,Russian Football Premier League,CB,Silver,6500,5200,6400,Price Updated: 9 hours ago
Erokhin,Russian Football Premier League,CM,Silver,3500,2500,3400,Price Updated: 9 hours ago
Suárez,LaLiga Santander,RB,Silver,3700,2700,3600,Price Updated: 8 hours ago
Lezcano,Bundesliga 2,ST,Silver,500,0,400,Price Updated: 8 hours ago
David Simón,LaLiga Santander,RB,Silver,450,-50,350,Price Updated: 9 hours ago
Diogo Figueiras,Hellas Liga,RB,Silver,1900,1200,1800,Price Updated: 9 hours ago
Selnæs,Ligue 1 Conforama,CDM,Silver,1000,300,900,Price Updated: 9 hours ago
Melgarejo,Russian Football Premier League,ST,Silver,800,300,700,Price Updated: 9 hours ago
Toño,LaLiga Santander,LB,Silver,400,-100,300,Price Updated: 9 hours ago
Ba,LaLiga 1 I 2 I 3,CB,Silver,350,-150,250,Price Updated: 9 hours ago
Katai,LaLiga Santander,RM,Silver,700,200,600,Price Updated: 9 hours ago
Ewerton,Bundesliga 2,CB,Silver,350,-150,250,Price Updated: 12 hours ago
Wagué,Premier League,CB,Silver,500,0,400,Price Updated: 8 hours ago
Abecasis,Primera División,RB,Silver,450,-50,350,Price Updated: 8 hours ago
Dramé,Liga NOS,LW,Silver,1200,500,1100,Price Updated: 18 mins ago
Ristovski,Liga NOS,RB,Silver,2500,1500,2400,Price Updated: 9 hours ago
Stracqualursi,Primera División,ST,Silver,400,-100,300,Price Updated: 8 hours ago
Moi Gómez,LaLiga 1 I 2 I 3,LM,Silver,1000,300,900,Price Updated: 12 hours ago
Sakai,Bundesliga,RB,Silver,850,350,750,Price Updated: 8 hours ago
Olsen,Alka Superliga,GK,Silver,1700,1000,1600,Price Updated: 10 hours ago
Pereyra,LIGA Bancomer MX,RM,Silver,950,450,850,Price Updated: 9 hours ago
Cristiano,Meiji Yasuda J1 League,ST,Silver,0,-500,-100,Price Updated: 7 mins ago
Filipe Augusto,Liga NOS,CM,Silver,2100,1400,2000,Price Updated: 9 hours ago
Paulinho,Liga NOS,CAM,Silver,650,150,550,Price Updated: 9 mins ago
Matlaba,South African FL,LB,Silver,400,-100,300,Price Updated: 10 hours ago
Rogić,Scottish Premiership,CAM,Silver,700,200,600,Price Updated: 9 hours ago
Albentosa,LaLiga Santander,CB,Silver,550,50,450,Price Updated: 9 hours ago
Santini,Ligue 1 Conforama,ST,Silver,950,450,850,Price Updated: 9 hours ago
Quaison,Bundesliga,LM,Silver,700,200,600,Price Updated: 9 hours ago
Dijks,Eredivisie,LB,Silver,1500,800,1400,Price Updated: 9 hours ago
Bicfalvi,Russian Football Premier League,CAM,Silver,2700,1700,2600,Price Updated: 10 hours ago
Al Muwallad,Dawry Jameel,RM,Silver,900,400,800,Price Updated: 11 hours ago
Panchenko,Russian Football Premier League,CF,Silver,2200,1500,2100,Price Updated: 12 hours ago
Gerso,Major League Soccer,RW,Silver,400,-100,300,Price Updated: 10 hours ago
Adéoti,Domino’s Ligue 2,CB,Silver,1400,700,1300,Price Updated: 57 mins ago
Capelle,Ligue 1 Conforama,CM,Silver,1800,1100,1700,Price Updated: 9 hours ago
Renato Santos,Liga NOS,LM,Silver,1700,1000,1600,Price Updated: 21 mins ago
Ikoko,Ligue 1 Conforama,RB,Silver,700,200,600,Price Updated: 8 hours ago
Machís,LaLiga 1 I 2 I 3,LM,Silver,400,-100,300,Price Updated: 8 hours ago
Schaub,Österreichische Fußball-Bundesliga,RM,Silver,350,-150,250,Price Updated: 46 mins ago
Zuffi,Raiffeisen Super League,CDM,Silver,2600,1600,2500,Price Updated: 9 hours ago
Al Shahrani,Dawry Jameel,LB,Silver,1800,1100,1700,Price Updated: 9 hours ago
Kempf,Bundesliga,CB,Silver,450,-50,350,Price Updated: 9 hours ago
Accam,Major League Soccer,LW,Silver,1500,800,1400,Price Updated: 11 hours ago
Karelis,Belgium Pro League,ST,Silver,350,-150,250,Price Updated: 11 hours ago
Jean,Ligue 1 Conforama,RM,Silver,1100,400,1000,Price Updated: 9 hours ago
Centurión,Calcio A,LW,Silver,1100,400,1000,Price Updated: 10 hours ago
Konaté,Ligue 1 Conforama,ST,Silver,550,50,450,Price Updated: 9 hours ago
Baker,EFL Championship,CM,Silver,15000,12000,14750,Price Updated: 1 min ago
Semenov,Russian Football Premier League,CB,Silver,6600,5280,6500,Price Updated: 8 hours ago
Chipciu,Belgium Pro League,RM,Silver,1200,500,1100,Price Updated: 9 hours ago
Strakosha,Calcio A,GK,Silver,950,450,850,Price Updated: 29 mins ago
Max,Bundesliga,LB,Silver,900,400,800,Price Updated: 13 hours ago
Sisto,LaLiga Santander,LW,Silver,26500,21200,26250,Price Updated: 35 mins ago
Stanciu,Belgium Pro League,CAM,Silver,500,0,400,Price Updated: 9 hours ago
Djiku,Ligue 1 Conforama,RB,Silver,950,450,850,Price Updated: 9 hours ago
Scholz,Belgium Pro League,CB,Silver,400,-100,300,Price Updated: 12 hours ago
Ivan Cavaleiro,EFL Championship,LM,Silver,850,350,750,Price Updated: 9 hours ago
Niane,Ligue 1 Conforama,ST,Silver,500,0,400,Price Updated: 22 mins ago
De Paul,Calcio A,RW,Silver,1800,1100,1700,Price Updated: 8 hours ago
Tozé,Liga NOS,CAM,Silver,600,100,500,Price Updated: 20 mins ago
Salcedo,Bundesliga,CB,Silver,1000,300,900,Price Updated: 9 hours ago
Depoitre,Premier League,ST,Silver,2600,1600,2500,Price Updated: 9 hours ago
van Beek,Eredivisie,CB,Silver,1000,300,900,Price Updated: 9 hours ago
Walter,Ligue 1 Conforama,CM,Silver,650,150,550,Price Updated: 9 hours ago
Kim Jin Su,K LEAGUE Classic,LB,Silver,400,-100,300,Price Updated: 31 mins ago
Decarli,Belgium Pro League,CB,Silver,650,150,550,Price Updated: 9 hours ago
Nervo,Primera División,CB,Silver,500,0,400,Price Updated: 8 hours ago
Valdés,LIGA Bancomer MX,CAM,Silver,2500,1500,2400,Price Updated: 9 hours ago
Iwobi,Premier League,LM,Silver,850,350,750,Price Updated: 9 hours ago
Selikhov,Russian Football Premier League,GK,Silver,8500,6800,8400,Price Updated: 9 hours ago
Thiago Mendes,Ligue 1 Conforama,CDM,Silver,1600,900,1500,Price Updated: 8 hours ago
Fábio Cardoso,Scottish Premiership,CB,Silver,350,-150,250,Price Updated: 13 hours ago
Miranchuk,Russian Football Premier League,CAM,Silver,1000,300,900,Price Updated: 9 hours ago
Cuadrado,Liga Dimayor,GK,Silver,1500,800,1400,Price Updated: 7 mins ago
Bocanegra,Liga Dimayor,RB,Silver,1500,800,1400,Price Updated: 8 hours ago
Barrios,Primera División,CDM,Silver,450,-50,350,Price Updated: 9 hours ago
Quiñones,LIGA Bancomer MX,LM,Silver,1700,1000,1600,Price Updated: 10 hours ago
Laba,Major League Soccer,CDM,Silver,1400,700,1300,Price Updated: 9 hours ago
Postigo,LaLiga Santander,CB,Silver,650,150,550,Price Updated: 10 hours ago
González,Primera División,CM,Silver,400,-100,300,Price Updated: 12 hours ago
Benítez,Primera División,CAM,Silver,450,-50,350,Price Updated: 9 hours ago
Braghieri,Primera División,CB,Silver,800,300,700,Price Updated: 9 hours ago
Carbonero,Liga Dimayor,CM,Silver,750,250,650,Price Updated: 1 hour ago
Villalba,Major League Soccer,RM,Silver,1500,800,1400,Price Updated: 9 hours ago
Botta,Primera División,RW,Silver,400,-100,300,Price Updated: 9 hours ago
Sara,Primera División,GK,Silver,350,-150,250,Price Updated: 9 hours ago
Cauteruccio,LIGA Bancomer MX,ST,Silver,2600,1600,2500,Price Updated: 9 hours ago
Carrillo,Ligue 1 Conforama,ST,Silver,650,150,550,Price Updated: 9 hours ago
Rúben Vezo,LaLiga Santander,CB,Silver,600,100,500,Price Updated: 9 hours ago
Ayoze Pérez,Premier League,CAM,Silver,1000,300,900,Price Updated: 10 hours ago
Kreilach,Bundesliga 2,CM,Silver,1100,400,1000,Price Updated: 10 hours ago
van Aken,EFL Championship,CB,Silver,400,-100,300,Price Updated: 10 hours ago
Marcelo Goiano,Liga NOS,LB,Silver,1800,1100,1700,Price Updated: 9 hours ago
El Ghazi,Ligue 1 Conforama,RW,Silver,15250,12160,15000,Price Updated: 5 hours ago
Oikonomou,Calcio A,CB,Silver,450,-50,350,Price Updated: 9 hours ago
Mevlja,Russian Football Premier League,CB,Silver,1600,900,1500,Price Updated: 9 hours ago
Waston,Major League Soccer,CB,Silver,1800,1100,1700,Price Updated: 9 hours ago
Uçan,Raiffeisen Super League,CM,Silver,550,50,450,Price Updated: 24 secs ago
Simon,Belgium Pro League,CF,Silver,400,-100,300,Price Updated: 9 hours ago
Triverio,Primera División,ST,Silver,650,150,550,Price Updated: 12 hours ago
Zainadine,Liga NOS,CB,Silver,7500,6000,7400,Price Updated: 9 hours ago
Lerager,Ligue 1 Conforama,CM,Silver,450,-50,350,Price Updated: 9 hours ago
Fábio Sturgeon,Liga NOS,LM,Silver,1200,500,1100,Price Updated: 9 hours ago
Molino,Major League Soccer,CAM,Silver,400,-100,300,Price Updated: 10 hours ago
Ndong,EFL Championship,CM,Silver,350,-150,250,Price Updated: 9 hours ago
Mubele,Ligue 1 Conforama,ST,Silver,1800,1100,1700,Price Updated: 8 hours ago
Maripán,LaLiga Santander,CB,Silver,350,-150,250,Price Updated: 9 hours ago
Cerutti,Primera División,RM,Silver,550,50,450,Price Updated: 9 hours ago
Amavi,Ligue 1 Conforama,LB,Silver,1400,700,1300,Price Updated: 9 hours ago
Chema Rodríguez,LaLiga Santander,CB,Silver,550,50,450,Price Updated: 10 hours ago
Denayer,Süper Lig,CB,Silver,3100,2100,3000,Price Updated: 9 hours ago
Gray,Premier League,LM,Silver,1000,300,900,Price Updated: 9 hours ago
Léo Bonatini,EFL Championship,ST,Silver,1700,1000,1600,Price Updated: 9 hours ago
Riedewald,Premier League,CB,Silver,3000,2000,2900,Price Updated: 8 hours ago
Elvedi,Bundesliga,CB,Silver,750,250,650,Price Updated: 9 hours ago
Lee Jae Sung,K LEAGUE Classic,CM,Silver,350,-150,250,Price Updated: 34 mins ago
Crivelli,Ligue 1 Conforama,ST,Silver,500,0,400,Price Updated: 9 hours ago
André Geraldes,Liga NOS,RB,Silver,2500,1500,2400,Price Updated: 24 mins ago
Locatelli,Calcio A,CDM,Silver,700,200,600,Price Updated: 9 hours ago
O'Shea,EFL Championship,CB,Silver,400,-100,300,Price Updated: 9 hours ago
Braga,Liga NOS,CM,Silver,1500,800,1400,Price Updated: 10 hours ago
Simons,Belgium Pro League,CDM,Silver,500,0,400,Price Updated: 9 hours ago
Penneteau,Belgium Pro League,GK,Silver,650,150,550,Price Updated: 42 mins ago
Isaksson,Allsvenskan,GK,Silver,350,-150,250,Price Updated: 10 hours ago
Johansson,Allsvenskan,CB,Silver,1000,300,900,Price Updated: 41 mins ago
Johansson,Allsvenskan,CB,Silver,7000,5600,6900,Price Updated: 47 mins ago
Rosenberg,Allsvenskan,ST,Silver,500,0,400,Price Updated: 47 mins ago
Coloccini,Primera División,CB,Silver,500,0,400,Price Updated: 9 hours ago
Myhill,Premier League,GK,Silver,700,200,600,Price Updated: 9 hours ago
Grant,Premier League,GK,Silver,300,-200,200,Price Updated: 8 hours ago
Downing,EFL Championship,LM,Silver,1500,800,1400,Price Updated: 13 hours ago
Kuszczak,EFL Championship,GK,Silver,950,450,850,Price Updated: 12 hours ago
Green,Premier League,GK,Silver,400,-100,300,Price Updated: 10 hours ago
Padoin,Calcio A,RB,Silver,1300,600,1200,Price Updated: 10 hours ago
Terzi,Calcio B,CB,Silver,400,-100,300,Price Updated: 1 min ago
Elana,Domino’s Ligue 2,GK,Silver,400,-100,300,Price Updated: 9 mins ago
Jones,Major League Soccer,CM,Silver,3900,2900,3800,Price Updated: 9 hours ago
Douchez,Domino’s Ligue 2,GK,Silver,650,150,550,Price Updated: 1 hour ago
McShane,EFL Championship,CB,Silver,350,-150,250,Price Updated: 10 hours ago
Hansen,Alka Superliga,GK,Silver,400,-100,300,Price Updated: 10 hours ago
Gobbi,Calcio A,LB,Silver,500,0,400,Price Updated: 13 hours ago
Rosina,Calcio B,RW,Silver,350,-150,250,Price Updated: 5 mins ago
Kruiswijk,Eredivisie,CB,Silver,900,400,800,Price Updated: 9 hours ago
Yebda,Liga NOS,CDM,Silver,2500,1500,2400,Price Updated: 27 mins ago
Erviti,Primera División,CAM,Silver,450,-50,350,Price Updated: 9 hours ago
Shackell,EFL Championship,CB,Silver,500,0,400,Price Updated: 12 hours ago
Endo,Meiji Yasuda J1 League,CDM,Silver,450,-50,350,Price Updated: 10 hours ago
Verza,LaLiga 1 I 2 I 3,CDM,Silver,350,-150,250,Price Updated: 28 mins ago
Gutiérrez,Primera División,CM,Silver,750,250,650,Price Updated: 9 hours ago
Gandolfi,Primera División,CB,Silver,850,350,750,Price Updated: 1 hour ago
Zengin,Süper Lig,GK,Silver,750,250,650,Price Updated: 9 hours ago
Ayhan,Süper Lig,CB,Silver,2000,1300,1900,Price Updated: 1 hour ago
Djourou,Süper Lig,CB,Silver,4300,3300,4200,Price Updated: 9 hours ago
Çalık,Süper Lig,CB,Silver,3400,2400,3300,Price Updated: 9 hours ago
Luccas Claro,Süper Lig,CB,Silver,1100,400,1000,Price Updated: 12 mins ago
Procházka,Süper Lig,CB,Silver,4000,3000,3900,Price Updated: 9 hours ago
